Tag Name,Text Content,Attributes,Prediction
html,"Contact Us: belongfestsample@email.com
 Follow Us : Quality enigneering team
Home
Mobile Plans
Broadband Plans
Phones
Modems
Accesories
   Melbourne, Australia



Self healing test automation through AI
Belong Fest Sample Web Page
Check Now
























International Roaming
Internet Plans
Mobile Phone plans
BELONG FEST
             BELONG FEST
Home
Mobile Plans
Broadband Plans
Mobile Phones
BELONG FEST


Contact Us
This is purely created for the sole purpose of Belong Fest © 4th, 5th, 6th Dec 2024",{},Not Found
head,,{},Not Found
title,,{},Not Found
meta,,{},Not Found
meta,,{},Not Found
link,,{},Not Found
script,,{},Not Found
script,,{},Not Found
link,,{},Not Found
script,,{},Not Found
script,,{},Not Found
script,,{},Not Found
link,,{},Not Found
link,,{},Not Found
link,,{},Not Found
body,"Contact Us: belongfestsample@email.com
 Follow Us : Quality enigneering team
Home
Mobile Plans
Broadband Plans
Phones
Modems
Accesories
   Melbourne, Australia



Self healing test automation through AI
Belong Fest Sample Web Page
Check Now
























International Roaming
Internet Plans
Mobile Phone plans
BELONG FEST
             BELONG FEST
Home
Mobile Plans
Broadband Plans
Mobile Phones
BELONG FEST


Contact Us
This is purely created for the sole purpose of Belong Fest © 4th, 5th, 6th Dec 2024",{},Not Found
div,"Contact Us: belongfestsample@email.com
 Follow Us : Quality enigneering team",{},Not Found
nav,"Contact Us: belongfestsample@email.com
 Follow Us : Quality enigneering team",{},Not Found
div,"Contact Us: belongfestsample@email.com
 Follow Us : Quality enigneering team",{},Not Found
div,Contact Us: belongfestsample@email.com,"{'class': 'nav-link Email', 'id': 'Email'}",Valid
i,,{},Not Found
div,Follow Us : Quality enigneering team,"{'class': 'nav-link Location', 'id': 'Location'}",Valid
div,"Home
Mobile Plans
Broadband Plans
Phones
Modems
Accesories
   Melbourne, Australia",{},Not Found
nav,"Home
Mobile Plans
Broadband Plans
Phones
Modems
Accesories
   Melbourne, Australia",{},Not Found
div,"Home
Mobile Plans
Broadband Plans
Phones
Modems
Accesories
   Melbourne, Australia",{},Not Found
ul,"Home
Mobile Plans
Broadband Plans
Phones
Modems
Accesories",{},Not Found
li,Home,{},Not Found
a,Home,"{'class': 'nav-link', 'href': 'index.html'}",Valid
li,Mobile Plans,{},Not Found
a,Mobile Plans,"{'class': 'nav-link', 'href': 'WebsiteServices.html'}",Valid
li,Broadband Plans,{},Not Found
a,Broadband Plans,"{'class': 'nav-link', 'href': 'WebsiteSolutions.html'}",Valid
li,Phones,{},Not Found
a,Phones,"{'class': 'nav-link', 'href': 'AutomationAcademy.html'}",Valid
li,Modems,{},Not Found
a,Modems,"{'class': 'nav-link', 'href': 'FAQ.html'}",Valid
li,Accesories,{},Not Found
a,Accesories,"{'class': 'nav-link', 'href': 'ContactUs.html'}",Valid
div,"Melbourne, Australia",{'class': 'nav-link Location'},Valid
i,,{},Not Found
br,,{},Not Found
br,,{},Not Found
br,,{},Not Found
center,"Self healing test automation through AI
Belong Fest Sample Web Page
Check Now",{},Not Found
p,Self healing test automation through AI,{'id': 'MainPageText'},Valid
p,Belong Fest Sample Web Page,{'id': 'SecondPageText'},Valid
center,Check Now,{},Not Found
button,Check Now,{},Not Found
a,Check Now,"{'href': 'ContactUs.html', 'style': 'color: black'}",Valid
div,,{},Not Found
div,,{},Not Found
div,,{},Not Found
br,,{},Not Found
br,,{},Not Found
br,,{},Not Found
br,,{},Not Found
center,,{},Not Found
img,,{},Not Found
br,,{},Not Found
br,,{},Not Found
div,,{},Not Found
br,,{},Not Found
br,,{},Not Found
br,,{},Not Found
br,,{},Not Found
center,,{},Not Found
img,,{},Not Found
br,,{},Not Found
br,,{},Not Found
p,,{},Not Found
div,,{},Not Found
br,,{},Not Found
br,,{},Not Found
br,,{},Not Found
br,,{},Not Found
center,,{},Not Found
img,,{},Not Found
br,,{},Not Found
br,,{},Not Found
div,,{},Not Found
br,,{},Not Found
br,,{},Not Found
br,,{},Not Found
br,,{},Not Found
center,,{},Not Found
img,,{},Not Found
br,,{},Not Found
br,,{},Not Found
section,"International Roaming
Internet Plans
Mobile Phone plans",{},Not Found
div,"International Roaming
Internet Plans
Mobile Phone plans",{},Not Found
div,"International Roaming
Internet Plans
Mobile Phone plans",{},Not Found
div,International Roaming,{},Not Found
div,International Roaming,{},Not Found
div,,{},Not Found
div,,{},Not Found
span,,{},Not Found
div,International Roaming,{},Not Found
h4,International Roaming,{'class': 'vc_custom_heading'},Valid
div,Internet Plans,{},Not Found
div,Internet Plans,{},Not Found
div,,{},Not Found
div,,{},Not Found
span,,{},Not Found
div,Internet Plans,{},Not Found
h4,Internet Plans,{'class': 'vc_custom_heading'},Valid
div,Mobile Phone plans,{},Not Found
div,Mobile Phone plans,{},Not Found
div,,{},Not Found
div,,{},Not Found
span,,{},Not Found
div,Mobile Phone plans,{},Not Found
h4,Mobile Phone plans,{'class': 'vc_custom_heading'},Valid
div,"BELONG FEST
             BELONG FEST
Home
Mobile Plans
Broadband Plans
Mobile Phones
BELONG FEST


Contact Us",{},Not Found
div,"BELONG FEST
             BELONG FEST
Home
Mobile Plans
Broadband Plans
Mobile Phones
BELONG FEST


Contact Us",{},Not Found
div,BELONG FEST,{},Not Found
div,BELONG FEST,{},Not Found
div,BELONG FEST,{},Not Found
div,BELONG FEST,{},Not Found
h3,BELONG FEST,{},Not Found
span,BELONG FEST,"{'class': 'header', 'id': 'BELONG FEST'}",Valid
div,,{},Not Found
p,,{},Not Found
p,,{},Not Found
i,,{},Not Found
i,,{},Not Found
i,,{},Not Found
i,,{},Not Found
i,,{},Not Found
div,"BELONG FEST
Home
Mobile Plans
Broadband Plans
Mobile Phones",{},Not Found
div,BELONG FEST,{},Not Found
div,BELONG FEST,{},Not Found
h3,BELONG FEST,{},Not Found
span,BELONG FEST,"{'class': 'header', 'id': 'BELONG FEST'}",Valid
ul,"Home
Mobile Plans
Broadband Plans
Mobile Phones",{},Not Found
li,Home,{},Not Found
a,Home,"{'class': 'nav-link', 'href': 'index.html'}",Valid
span,Home,{},Unchanged
li,Mobile Plans,{},Not Found
a,Mobile Plans,"{'class': 'nav-link', 'href': 'WebsiteServices.html'}",Valid
span,Mobile Plans,{},Unchanged
li,Broadband Plans,{},Not Found
a,Broadband Plans,"{'class': 'nav-link', 'href': 'WebsiteSolutions.html'}",Valid
span,Broadband Plans,{},Unchanged
li,Mobile Phones,{},Not Found
a,Mobile Phones,{},Not Found
span,Mobile Phones,{},Unchanged
div,"BELONG FEST


Contact Us",{},Not Found
div,BELONG FEST,{},Not Found
div,BELONG FEST,{},Not Found
h3,BELONG FEST,{},Not Found
span,BELONG FEST,"{'class': 'header', 'id': 'BELONG FEST'}",Valid
p,Contact Us,{},Not Found
br,,{},Not Found
br,,{},Not Found
button,Contact Us,{},Not Found
a,Contact Us,"{'href': 'ContactUs.html', 'style': 'color: black'}",Valid
center,"This is purely created for the sole purpose of Belong Fest © 4th, 5th, 6th Dec 2024",{},Unchanged
nav,"This is purely created for the sole purpose of Belong Fest © 4th, 5th, 6th Dec 2024",{},Not Found
div,"This is purely created for the sole purpose of Belong Fest © 4th, 5th, 6th Dec 2024",{},Not Found
center,"This is purely created for the sole purpose of Belong Fest © 4th, 5th, 6th Dec 2024",{},Unchanged
center,,{},Not Found
p,,{},Not Found
